base,target,last,volume,converted_last,converted_volume,timestamp,last_traded_at,last_fetch_at
BTC,USDT,66984.0,28856.27816,"{'btc': 1.000879, 'eth': 25.130633, 'usd': 66995, 'usd_v2': 66952}","{'btc': 29428, 'eth': 738898, 'usd': 1969810089, 'usd_v2': 1968542506}",2024-10-21 15:46:34+00:00,2024-10-21 15:46:34+00:00,2024-10-21 15:47:01+00:00
BTC,FDUSD,66989.91,29270.46987,"{'btc': 0.99913714, 'eth': 25.121069, 'usd': 66834}","{'btc': 29891, 'eth': 751546, 'usd': 1999472996}",2024-10-21 15:40:11+00:00,2024-10-21 15:40:11+00:00,2024-10-21 15:40:11+00:00
BTC,USDT,66986.28,23658.580249,"{'btc': 1.000913, 'eth': 25.132137, 'usd': 66975, 'usd_v2': 66954}","{'btc': 24127, 'eth': 605821, 'usd': 1614456077, 'usd_v2': 1613963142}",2024-10-21 15:46:48+00:00,2024-10-21 15:46:48+00:00,2024-10-21 15:46:48+00:00
BTC,USDT,66893.9,19985.2033,"{'btc': 1.000144, 'eth': 25.121312, 'usd': 66878, 'usd_v2': 66860}","{'btc': 20459, 'eth': 513881, 'usd': 1368055300, 'usd_v2': 1367696777}",2024-10-21 15:44:11+00:00,2024-10-21 15:44:11+00:00,2024-10-21 15:44:11+00:00
BTC,USDT,66986.14,17412.878347,"{'btc': 1.000911, 'eth': 25.132084, 'usd': 66975, 'usd_v2': 66954}","{'btc': 17794, 'eth': 446787, 'usd': 1190644828, 'usd_v2': 1190281293}",2024-10-21 15:46:56+00:00,2024-10-21 15:46:56+00:00,2024-10-21 15:46:56+00:00
BTC,USDT,66874.94,15344.657267,"{'btc': 0.9993962, 'eth': 25.116327, 'usd': 66824, 'usd_v2': 66842}","{'btc': 15662, 'eth': 393615, 'usd': 1047236525, 'usd_v2': 1047518349}",2024-10-21 15:42:35+00:00,2024-10-21 15:42:35+00:00,2024-10-21 15:42:35+00:00
BTC,USDT,66897.37,14350.006519,"{'btc': 1.000262, 'eth': 25.130597, 'usd': 66878, 'usd_v2': 66864}","{'btc': 14653, 'eth': 368148, 'usd': 979718322, 'usd_v2': 979514829}",2024-10-21 15:43:37+00:00,2024-10-21 15:43:37+00:00,2024-10-21 15:43:37+00:00
BTC,USDT,66888.01,12686.5461,"{'btc': 1.000122, 'eth': 25.127081, 'usd': 66868, 'usd_v2': 66855}","{'btc': 12688, 'eth': 318776, 'usd': 848329736, 'usd_v2': 848153533}",2024-10-21 15:43:40+00:00,2024-10-21 15:43:40+00:00,2024-10-21 15:43:40+00:00
BTC,USDT,66899.86,10236.41568,"{'btc': 0.99969223, 'eth': 25.125718, 'usd': 66854, 'usd_v2': 66866}","{'btc': 10233, 'eth': 257197, 'usd': 684343620, 'usd_v2': 684472369}",2024-10-21 15:42:00+00:00,2024-10-21 15:42:00+00:00,2024-10-21 15:42:00+00:00
BTC,USDT,66997.7,9368.26808496,"{'btc': 1.001084, 'eth': 25.136421, 'usd': 66986, 'usd_v2': 66966}","{'btc': 9558, 'eth': 239995, 'usd': 639563898, 'usd_v2': 639368623}",2024-10-21 15:47:00+00:00,2024-10-21 15:47:00+00:00,2024-10-21 15:47:00+00:00
BTC,USDT,66871.36,8752.837811,"{'btc': 0.99987308, 'eth': 25.117629, 'usd': 66850, 'usd_v2': 66838}","{'btc': 8752, 'eth': 219851, 'usd': 585125645, 'usd_v2': 585021511}",2024-10-21 15:44:00+00:00,2024-10-21 15:44:00+00:00,2024-10-21 15:44:00+00:00
BTC,USDT,66887.79,5822.1126,"{'btc': 1.000119, 'eth': 25.1238, 'usd': 66866, 'usd_v2': 66854}","{'btc': 5823, 'eth': 146274, 'usd': 389302814, 'usd_v2': 389233531}",2024-10-21 15:43:56+00:00,2024-10-21 15:43:56+00:00,2024-10-21 15:43:56+00:00
BTC,USDC,66962.02,5525.94832,"{'btc': 1.000897, 'eth': 25.131735, 'usd': 66974, 'usd_v2': 66949}","{'btc': 5531, 'eth': 138877, 'usd': 370093334, 'usd_v2': 369954656}",2024-10-21 15:46:53+00:00,2024-10-21 15:46:53+00:00,2024-10-21 15:46:53+00:00
BTC,USD,66896.0,10063.013865,"{'btc': 1.000323, 'eth': 25.141565, 'usd': 66896}","{'btc': 10066, 'eth': 253000, 'usd': 673175376}",2024-10-21 15:42:00+00:00,2024-10-21 15:42:00+00:00,2024-10-21 15:42:00+00:00
BTC,USDT,66969.44,4472.0458,"{'btc': 1.00134, 'eth': 25.151344, 'usd': 66958, 'usd_v2': 66936}","{'btc': 4478, 'eth': 112478, 'usd': 299438936, 'usd_v2': 299340658}",2024-10-21 15:40:14+00:00,2024-10-21 15:40:14+00:00,2024-10-21 15:44:03+00:00
BTC,USDC,66961.97,4272.048801,"{'btc': 1.000903, 'eth': 25.131894, 'usd': 66974, 'usd_v2': 66949}","{'btc': 4359, 'eth': 109443, 'usd': 291654127, 'usd_v2': 291542782}",2024-10-21 15:45:58+00:00,2024-10-21 15:45:58+00:00,2024-10-21 15:46:57+00:00
BTC,USD,66956.65,6795.74583784,"{'btc': 1.000303, 'eth': 25.116181, 'usd': 66957}","{'btc': 6798, 'eth': 170683, 'usd': 455020376}",2024-10-21 15:46:33+00:00,2024-10-21 15:46:33+00:00,2024-10-21 15:47:01+00:00
BTC,USDC,66972.02,3415.19389,"{'btc': 1.000903, 'eth': 25.131241, 'usd': 66997, 'usd_v2': 66959}","{'btc': 3488, 'eth': 87576, 'usd': 233467293, 'usd_v2': 233334274}",2024-10-21 15:47:02+00:00,2024-10-21 15:47:02+00:00,2024-10-21 15:47:02+00:00
BTC,USDT,66890.0,2930.58785,"{'btc': 0.99954489, 'eth': 25.122014, 'usd': 66844, 'usd_v2': 66857}","{'btc': 2995, 'eth': 75271, 'usd': 200280323, 'usd_v2': 200318003}",2024-10-21 15:41:40+00:00,2024-10-21 15:41:40+00:00,2024-10-21 15:41:40+00:00
BTC,USDT,66883.5,3945.1472176,"{'btc': 0.99952413, 'eth': 25.119542, 'usd': 66832, 'usd_v2': 66850}","{'btc': 3943, 'eth': 99100, 'usd': 263662367, 'usd_v2': 263733321}",2024-10-21 15:42:45+00:00,2024-10-21 15:42:45+00:00,2024-10-21 15:42:45+00:00
BTC,USDT,66895.0650504258,2247.300456755743,"{'btc': 0.99962058, 'eth': 25.124032, 'usd': 66867, 'usd_v2': 66862}","{'btc': 2246, 'eth': 56461, 'usd': 150269821, 'usd_v2': 150258144}",2024-10-21 15:41:27+00:00,2024-10-21 15:41:27+00:00,2024-10-21 15:41:27+00:00
BTC,USD,66962.5,1992.9027167,"{'btc': 1.000391, 'eth': 25.118376, 'usd': 66963}","{'btc': 1994, 'eth': 50058, 'usd': 133449748}",2024-10-21 15:47:02+00:00,2024-10-21 15:47:02+00:00,2024-10-21 15:47:02+00:00
BTC,USDT,66888.0,3351.307035,"{'btc': 0.99959137, 'eth': 25.113749, 'usd': 66833, 'usd_v2': 66855}","{'btc': 3350, 'eth': 84164, 'usd': 223977819, 'usd_v2': 224050144}",2024-10-21 15:43:02+00:00,2024-10-21 15:43:02+00:00,2024-10-21 15:43:02+00:00
BTC,USDC,66966.0,1501.326259,"{'btc': 0.99941247, 'eth': 25.128041, 'usd': 66937, 'usd_v2': 66953}","{'btc': 1500, 'eth': 37725, 'usd': 100494982, 'usd_v2': 100517707}",2024-10-21 15:30:00+00:00,2024-10-21 15:30:00+00:00,2024-10-21 15:30:00+00:00
BTC,USDC,66904.06,1360.37,"{'btc': 0.99989479, 'eth': 25.12984, 'usd': 66865, 'usd_v2': 66891}","{'btc': 1394, 'eth': 35034, 'usd': 93217278, 'usd_v2': 93252734}",2024-10-21 15:42:10+00:00,2024-10-21 15:42:10+00:00,2024-10-21 15:42:10+00:00
BTC,USDT,66923.43,1918.130318,"{'btc': 1.000121, 'eth': 25.135521, 'usd': 66880, 'usd_v2': 66890}","{'btc': 1961, 'eth': 49278, 'usd': 131117708, 'usd_v2': 131136537}",2024-10-21 15:42:11+00:00,2024-10-21 15:42:11+00:00,2024-10-21 15:42:11+00:00
BTC,USD,66958.0,1179.07909628,"{'btc': 1.000323, 'eth': 25.116688, 'usd': 66958}","{'btc': 1179, 'eth': 29615, 'usd': 78948778}",2024-10-21 15:46:01+00:00,2024-10-21 15:46:01+00:00,2024-10-21 15:47:01+00:00
SOL,BTC,0.0024547,568275.007,"{'btc': 1.0, 'eth': 25.109213, 'usd': 66914}","{'btc': 1378, 'eth': 34592, 'usd': 92184457}",2024-10-21 15:45:24+00:00,2024-10-21 15:45:24+00:00,2024-10-21 15:46:42+00:00
BTC,USDC,66968.0,853.46954116,"{'btc': 1.000993, 'eth': 25.133509, 'usd': 67003, 'usd_v2': 66955}","{'btc': 871.991, 'eth': 21894, 'usd': 58367903, 'usd_v2': 58325883}",2024-10-21 15:47:00+00:00,2024-10-21 15:47:00+00:00,2024-10-21 15:47:01+00:00
BTC,USDT,66867.53,730.47577,"{'btc': 0.99860068, 'eth': 25.096334, 'usd': 66770, 'usd_v2': 66834}","{'btc': 748.039, 'eth': 18799, 'usd': 50016810, 'usd_v2': 50064578}",2024-10-21 15:42:43+00:00,2024-10-21 15:42:43+00:00,2024-10-21 15:42:43+00:00
BTC,USDC,66883.45,595.7842,"{'btc': 0.99958677, 'eth': 25.121116, 'usd': 66836, 'usd_v2': 66870}","{'btc': 609.217, 'eth': 15311, 'usd': 40734588, 'usd_v2': 40755195}",2024-10-21 15:42:47+00:00,2024-10-21 15:42:47+00:00,2024-10-21 15:42:47+00:00
BTC,EUR,61836.1,528.34867471,"{'btc': 0.9998339, 'eth': 25.104395, 'usd': 66925}","{'btc': 528.261, 'eth': 13264, 'usd': 35359856}",2024-10-21 15:47:01+00:00,2024-10-21 15:47:01+00:00,2024-10-21 15:47:03+00:00
BTC,USDT,66990.04,620.893,"{'btc': 1.000582, 'eth': 25.147143, 'usd': 66981, 'usd_v2': 66957}","{'btc': 621.254, 'eth': 15614, 'usd': 41588026, 'usd_v2': 41573127}",2024-10-21 15:33:41+00:00,2024-10-21 15:33:41+00:00,2024-10-21 15:33:41+00:00
ETH,BTC,0.039832,17779.691,"{'btc': 1.0, 'eth': 25.113185, 'usd': 66887}","{'btc': 708.201, 'eth': 17785, 'usd': 47369516}",2024-10-21 15:45:37+00:00,2024-10-21 15:45:37+00:00,2024-10-21 15:45:37+00:00
BTC,USDT,66888.0,1798.03739198,"{'btc': 1.000122, 'eth': 25.127077, 'usd': 66868, 'usd_v2': 66855}","{'btc': 1798, 'eth': 45179, 'usd': 120231964, 'usd_v2': 120206992}",2024-10-21 15:43:10+00:00,2024-10-21 15:43:10+00:00,2024-10-21 15:43:10+00:00
ETH,BTC,0.039838,35796.33675694,"{'btc': 1.0, 'eth': 25.109213, 'usd': 66914}","{'btc': 1426, 'eth': 35807, 'usd': 95422585}",2024-10-21 15:46:34+00:00,2024-10-21 15:46:34+00:00,2024-10-21 15:46:34+00:00
BTC,USD,66950.0,753.84784373,"{'btc': 1.000204, 'eth': 25.113687, 'usd': 66950}","{'btc': 754.002, 'eth': 18932, 'usd': 50470113}",2024-10-21 15:46:02+00:00,2024-10-21 15:46:02+00:00,2024-10-21 15:47:01+00:00
BTC,USDT,66897.988,10804.3877,"{'btc': 1.000271, 'eth': 25.127631, 'usd': 66876, 'usd_v2': 66865}","{'btc': 11032, 'eth': 277123, 'usd': 737555135, 'usd_v2': 737423874}",2024-10-21 15:43:41+00:00,2024-10-21 15:43:41+00:00,2024-10-21 15:43:41+00:00
BTC,EUR,61812.0,516.76836411,"{'btc': 0.99978243, 'eth': 25.10375, 'usd': 66899}","{'btc': 516.656, 'eth': 12973, 'usd': 34571362}",2024-10-21 15:46:44+00:00,2024-10-21 15:46:44+00:00,2024-10-21 15:46:44+00:00
ETH,BTC,0.03984,26203.8664,"{'btc': 1.0, 'eth': 25.109213, 'usd': 66914}","{'btc': 1038, 'eth': 26059, 'usd': 69445622}",2024-10-21 15:46:42+00:00,2024-10-21 15:46:42+00:00,2024-10-21 15:46:42+00:00
BTC,USDC,66869.81,456.644,"{'btc': 1.000343, 'eth': 25.129431, 'usd': 66881, 'usd_v2': 66856}","{'btc': 456.801, 'eth': 11475, 'usd': 30540913, 'usd_v2': 30529590}",2024-10-21 15:43:57+00:00,2024-10-21 15:43:57+00:00,2024-10-21 15:43:57+00:00
BTC,USDT,66980.1,273.09444341,"{'btc': 1.001456, 'eth': 25.14513, 'usd': 67034, 'usd_v2': 66948}","{'btc': 273.492, 'eth': 6867, 'usd': 18306565, 'usd_v2': 18283172}",2024-10-21 15:46:35+00:00,2024-10-21 15:46:35+00:00,2024-10-21 15:47:02+00:00
BTC,USDT,66984.49,386.12817574,"{'btc': 1.000886, 'eth': 25.130817, 'usd': 66996, 'usd_v2': 66953}","{'btc': 386.47, 'eth': 9704, 'usd': 25868915, 'usd_v2': 25852268}",2024-10-21 15:46:35+00:00,2024-10-21 15:46:35+00:00,2024-10-21 15:47:02+00:00
BTC,USD,66889.0,241.39522,"{'btc': 1.00025, 'eth': 25.138767, 'usd': 66889}","{'btc': 246.829, 'eth': 6203, 'usd': 16506026}",2024-10-21 15:42:30+00:00,2024-10-21 15:42:30+00:00,2024-10-21 15:42:30+00:00
ETH,BTC,0.039843,9197.89543,"{'btc': 1.0, 'eth': 25.109213, 'usd': 66914}","{'btc': 364.544, 'eth': 9153, 'usd': 24393004}",2024-10-21 15:45:56+00:00,2024-10-21 15:45:56+00:00,2024-10-21 15:46:56+00:00
BTC,USDC,66871.14,286.3756,"{'btc': 0.99932785, 'eth': 25.116559, 'usd': 66829, 'usd_v2': 66858}","{'btc': 292.855, 'eth': 7360, 'usd': 19584534, 'usd_v2': 19592828}",2024-10-21 15:41:41+00:00,2024-10-21 15:41:41+00:00,2024-10-21 15:41:41+00:00
BTC,EUR,61798.63,276.00162,"{'btc': 0.99922805, 'eth': 25.089182, 'usd': 66885}","{'btc': 280.704, 'eth': 7048, 'usd': 18789308}",2024-10-21 15:46:34+00:00,2024-10-21 15:46:34+00:00,2024-10-21 15:47:01+00:00
BTC,USDT,67067.08,199.012356,"{'btc': 1.002268, 'eth': 25.189474, 'usd': 67024, 'usd_v2': 67034}","{'btc': 199.464, 'eth': 5013, 'usd': 13338589, 'usd_v2': 13340504}",2024-10-21 15:42:33+00:00,2024-10-21 15:42:33+00:00,2024-10-21 15:42:33+00:00
BTC,JPY,10070701.0,194.664,"{'btc': 1.001404, 'eth': 25.151903, 'usd': 66962}","{'btc': 194.937, 'eth': 4896, 'usd': 13035151}",2024-10-21 15:44:54+00:00,2024-10-21 15:44:54+00:00,2024-10-21 15:44:54+00:00
BTC,EUR,61814.73,357.28496407,"{'btc': 0.99948837, 'eth': 25.095719, 'usd': 66902}","{'btc': 357.102, 'eth': 8966, 'usd': 23903114}",2024-10-21 15:47:01+00:00,2024-10-21 15:47:01+00:00,2024-10-21 15:47:02+00:00
ETH,BTC,0.0398,4425.46,"{'btc': 1.0, 'eth': 25.132484, 'usd': 66872}","{'btc': 175.277, 'eth': 4405, 'usd': 11721180}",2024-10-21 15:42:09+00:00,2024-10-21 15:42:09+00:00,2024-10-21 15:42:09+00:00
BTC,USDC,66900.44,917.331676,"{'btc': 1.000052, 'eth': 25.114496, 'usd': 66891, 'usd_v2': 66887}","{'btc': 917.38, 'eth': 23038, 'usd': 61360894, 'usd_v2': 61357619}",2024-10-21 15:45:37+00:00,2024-10-21 15:45:37+00:00,2024-10-21 15:45:37+00:00
ETH,BTC,0.03983,10622.569926,"{'btc': 1.0, 'eth': 25.109213, 'usd': 66914}","{'btc': 421.332, 'eth': 10579, 'usd': 28192859}",2024-10-21 15:46:40+00:00,2024-10-21 15:46:40+00:00,2024-10-21 15:46:40+00:00
BTC,USDC,66902.02,218.7380964,"{'btc': 1.000076, 'eth': 25.115089, 'usd': 66892, 'usd_v2': 66889}","{'btc': 223.397, 'eth': 5610, 'usd': 14942417, 'usd_v2': 14941620}",2024-10-21 15:45:50+00:00,2024-10-21 15:45:50+00:00,2024-10-21 15:45:50+00:00
BTC,USDC,66860.7,149.76824,"{'btc': 1.000207, 'eth': 25.129206, 'usd': 66874, 'usd_v2': 66847}","{'btc': 152.932, 'eth': 3842, 'usd': 10225081, 'usd_v2': 10220986}",2024-10-21 15:43:31+00:00,2024-10-21 15:43:31+00:00,2024-10-21 15:43:31+00:00
BTC,USDC,66953.41,137.73076096,"{'btc': 1.001299, 'eth': 25.141174, 'usd': 67023, 'usd_v2': 66940}","{'btc': 137.91, 'eth': 3463, 'usd': 9231167, 'usd_v2': 9219700}",2024-10-21 15:47:01+00:00,2024-10-21 15:47:01+00:00,2024-10-21 15:47:02+00:00
BTC,USD,66871.0,126.72973378,"{'btc': 1.000038, 'eth': 25.117606, 'usd': 66871}","{'btc': 126.735, 'eth': 3183, 'usd': 8474544}",2024-10-21 15:44:56+00:00,2024-10-21 15:44:56+00:00,2024-10-21 15:44:56+00:00
BTC,EUR,61838.0,237.68565744,"{'btc': 0.99986462, 'eth': 25.105166, 'usd': 66927}","{'btc': 237.653, 'eth': 5967, 'usd': 15907656}",2024-10-21 15:47:02+00:00,2024-10-21 15:47:02+00:00,2024-10-21 15:47:02+00:00
BTC,GBP,51540.72,124.65426746,"{'btc': 1.00092, 'eth': 25.143935, 'usd': 66920}","{'btc': 124.769, 'eth': 3134, 'usd': 8341843}",2024-10-21 15:43:51+00:00,2024-10-21 15:43:51+00:00,2024-10-21 15:43:51+00:00
ETH,BTC,0.03983,49212.662,"{'btc': 1.0, 'eth': 25.124015, 'usd': 66860}","{'btc': 1960, 'eth': 49247, 'usd': 131055562}",2024-10-21 15:43:10+00:00,2024-10-21 15:43:10+00:00,2024-10-21 15:43:10+00:00
BTC,EUR,61847.0,111.07209198,"{'btc': 1.000349, 'eth': 25.117964, 'usd': 66937}","{'btc': 112.846, 'eth': 2833, 'usd': 7550947}",2024-10-21 15:46:43+00:00,2024-10-21 15:46:43+00:00,2024-10-21 15:46:43+00:00
SOL,BTC,0.00245406,65327.73,"{'btc': 1.0, 'eth': 25.124015, 'usd': 66860}","{'btc': 160.318, 'eth': 4028, 'usd': 10718920}",2024-10-21 15:43:08+00:00,2024-10-21 15:43:08+00:00,2024-10-21 15:43:08+00:00
BTC,JPY,10071650.0,212.9702,"{'btc': 1.001959, 'eth': 25.182808, 'usd': 67023}","{'btc': 213.387, 'eth': 5363, 'usd': 14273954}",2024-10-21 15:41:15+00:00,2024-10-21 15:41:15+00:00,2024-10-21 15:41:15+00:00
ETH,BTC,0.03978,3699.10164014,"{'btc': 1.0, 'eth': 25.131501, 'usd': 66864}","{'btc': 147.15, 'eth': 3698, 'usd': 9839039}",2024-10-21 15:37:47+00:00,2024-10-21 15:37:47+00:00,2024-10-21 15:42:46+00:00
SOL,XBT,0.0024541,38706.68558529,"{'btc': 1.0, 'eth': 25.109213, 'usd': 66914}","{'btc': 94.99, 'eth': 2385, 'usd': 6356138}",2024-10-21 15:46:59+00:00,2024-10-21 15:46:59+00:00,2024-10-21 15:46:59+00:00
DOGE,BTC,2.0921e-06,46505960.0,"{'btc': 1.0, 'eth': 25.113185, 'usd': 66887}","{'btc': 97.295, 'eth': 2443, 'usd': 6507792}",2024-10-21 15:45:37+00:00,2024-10-21 15:45:37+00:00,2024-10-21 15:45:37+00:00
BTC,USDT,66891.9,610.13301055,"{'btc': 0.9995649, 'eth': 25.122632, 'usd': 66863, 'usd_v2': 66858}","{'btc': 609.868, 'eth': 15328, 'usd': 40795378, 'usd_v2': 40792550}",2024-10-21 15:41:08+00:00,2024-10-21 15:41:08+00:00,2024-10-21 15:41:08+00:00
BTC,USDT,66932.73,101.7692268,"{'btc': 1.000133, 'eth': 25.118168, 'usd': 66880, 'usd_v2': 66830}","{'btc': 101.783, 'eth': 2556, 'usd': 6806305, 'usd_v2': 6801196}",2024-10-21 15:45:16+00:00,2024-10-21 15:45:16+00:00,2024-10-21 15:45:16+00:00
ETH,BTC,0.03976,3506.5324546840016,"{'btc': 1.0, 'eth': 25.112158, 'usd': 66896}","{'btc': 139.42, 'eth': 3501, 'usd': 9326677}",2024-10-21 15:46:06+00:00,2024-10-21 15:46:06+00:00,2024-10-21 15:46:06+00:00
BTC,USDC,66993.76,41.143,"{'btc': 0.99982676, 'eth': 25.138458, 'usd': 66965, 'usd_v2': 66980}","{'btc': 41.135872, 'eth': 1034, 'usd': 2755150, 'usd_v2': 2755773}",2024-10-21 15:29:56+00:00,2024-10-21 15:29:56+00:00,2024-10-21 15:29:56+00:00
BTC,USDC,66893.42,60.89794,"{'btc': 0.99994724, 'eth': 25.11186, 'usd': 66884, 'usd_v2': 66880}","{'btc': 62.209, 'eth': 1562, 'usd': 4160968, 'usd_v2': 4160746}",2024-10-21 15:46:00+00:00,2024-10-21 15:46:00+00:00,2024-10-21 15:46:00+00:00
BTC,USDC,66887.92,32.50898,"{'btc': 1.00055, 'eth': 25.131522, 'usd': 66905, 'usd_v2': 66875}","{'btc': 33.229202, 'eth': 834.641, 'usd': 2221982, 'usd_v2': 2220965}",2024-10-21 15:44:15+00:00,2024-10-21 15:44:15+00:00,2024-10-21 15:44:15+00:00
BTC,JPY,10073189.0,116.71810331813887,"{'btc': 1.001614, 'eth': 25.155371, 'usd': 66979}","{'btc': 119.216, 'eth': 2994, 'usd': 7972077}",2024-10-21 15:45:10+00:00,2024-10-21 15:45:10+00:00,2024-10-21 15:45:10+00:00
BTC,USDC,66846.0,157.3308,"{'btc': 0.99850626, 'eth': 25.094943, 'usd': 66772, 'usd_v2': 66833}","{'btc': 160.483, 'eth': 4033, 'usd': 10731895, 'usd_v2': 10741576}",2024-10-21 15:42:26+00:00,2024-10-21 15:42:26+00:00,2024-10-21 15:42:26+00:00
BTC,USDT,66930.01,31.89069,"{'btc': 1.000092, 'eth': 25.115498, 'usd': 66893, 'usd_v2': 66878}","{'btc': 32.648724, 'eth': 819.913, 'usd': 2183780, 'usd_v2': 2183280}",2024-10-21 15:45:59+00:00,2024-10-21 15:45:59+00:00,2024-10-21 15:45:59+00:00
BTC,USDT,66895.0,28.80005715,"{'btc': 1.0, 'eth': 25.108565, 'usd': 66936, 'usd_v2': 66863}","{'btc': 28.800057, 'eth': 723.128, 'usd': 1927771, 'usd_v2': 1925661}",2024-10-21 15:46:03+00:00,2024-10-21 15:46:03+00:00,2024-10-21 15:47:01+00:00
BTC,USDT,66876.368757,26.5088706,"{'btc': 0.99862769, 'eth': 25.097013, 'usd': 66772, 'usd_v2': 66843}","{'btc': 27.051895, 'eth': 679.855, 'usd': 1808795, 'usd_v2': 1810713}",2024-10-21 15:42:42+00:00,2024-10-21 15:42:42+00:00,2024-10-21 15:42:42+00:00
BTC,GBP,51574.5,79.8738489,"{'btc': 1.000747, 'eth': 25.127972, 'usd': 66964}","{'btc': 79.934, 'eth': 2007, 'usd': 5348648}",2024-10-21 15:46:55+00:00,2024-10-21 15:46:55+00:00,2024-10-21 15:46:55+00:00
BTC,USDC,66861.54,112.41493,"{'btc': 0.99925932, 'eth': 25.112887, 'usd': 66814, 'usd_v2': 66848}","{'btc': 112.332, 'eth': 2823, 'usd': 7510932, 'usd_v2': 7514732}",2024-10-21 15:43:01+00:00,2024-10-21 15:43:01+00:00,2024-10-21 15:43:01+00:00
ETH,BTC,0.039865,27365.60022,"{'btc': 1.0, 'eth': 25.120817, 'usd': 66858}","{'btc': 1091, 'eth': 27405, 'usd': 72937710}",2024-10-21 15:43:54+00:00,2024-10-21 15:43:54+00:00,2024-10-21 15:43:54+00:00
BTC,USDC,66879.19,80.17259669102955,"{'btc': 1.00042, 'eth': 25.127185, 'usd': 66897, 'usd_v2': 66866}","{'btc': 82.156, 'eth': 2063, 'usd': 5493649, 'usd_v2': 5491129}",2024-10-21 15:44:54+00:00,2024-10-21 15:44:54+00:00,2024-10-21 15:44:54+00:00
BTC,GBP,51539.0,30.15225511,"{'btc': 1.000058, 'eth': 25.110676, 'usd': 66918}","{'btc': 30.154012, 'eth': 757.143, 'usd': 2017717}",2024-10-21 15:46:53+00:00,2024-10-21 15:46:53+00:00,2024-10-21 15:46:53+00:00
BTC,USDT,66954.0,94.66,"{'btc': 1.0, 'eth': 25.132484, 'usd': 66872, 'usd_v2': 66921}","{'btc': 96.716, 'eth': 2431, 'usd': 6467604, 'usd_v2': 6472270}",2024-10-21 15:36:25+00:00,2024-10-21 15:36:25+00:00,2024-10-21 15:42:26+00:00
SOL,BTC,0.0024595,27261.678,"{'btc': 1.0, 'eth': 25.109213, 'usd': 66914}","{'btc': 66.061, 'eth': 1659, 'usd': 4420412}",2024-10-21 15:46:41+00:00,2024-10-21 15:46:41+00:00,2024-10-21 15:46:41+00:00
RUNE,BTC,7.368e-05,998543.7,"{'btc': 1.0, 'eth': 25.109213, 'usd': 66914}","{'btc': 74.154, 'eth': 1862, 'usd': 4961934}",2024-10-21 15:45:25+00:00,2024-10-21 15:45:25+00:00,2024-10-21 15:46:43+00:00
BTC,DAI,66863.51,29.5033,"{'btc': 0.9997778, 'eth': 25.115236, 'usd': 66843, 'usd_v2': 66843}","{'btc': 29.496744, 'eth': 740.982, 'usd': 1972102, 'usd_v2': 1972102}",2024-10-21 15:43:58+00:00,2024-10-21 15:43:58+00:00,2024-10-21 15:43:58+00:00
BTC,USD,66906.0,18.16626808,"{'btc': 1.000562, 'eth': 25.130752, 'usd': 66906}","{'btc': 18.176475, 'eth': 456.532, 'usd': 1215432}",2024-10-21 15:44:58+00:00,2024-10-21 15:44:58+00:00,2024-10-21 15:44:58+00:00
LINK,BTC,0.00017324,83351.94,"{'btc': 1.0, 'eth': 25.113185, 'usd': 66887}","{'btc': 14.43989, 'eth': 362.632, 'usd': 965843}",2024-10-21 15:45:37+00:00,2024-10-21 15:45:37+00:00,2024-10-21 15:45:37+00:00
ETH,BTC,0.03982,722.10163545,"{'btc': 1.0, 'eth': 25.113185, 'usd': 66887}","{'btc': 28.754087, 'eth': 722.107, 'usd': 1923279}",2024-10-21 15:45:48+00:00,2024-10-21 15:45:48+00:00,2024-10-21 15:45:48+00:00
APE,BTC,2.261e-05,4768283.93,"{'btc': 1.0, 'eth': 25.114835, 'usd': 66871}","{'btc': 107.226, 'eth': 2693, 'usd': 7170294}",2024-10-21 15:45:29+00:00,2024-10-21 15:45:29+00:00,2024-10-21 15:45:29+00:00
SOL,BTC,0.0024517,25975.39,"{'btc': 1.0, 'eth': 25.124015, 'usd': 66860}","{'btc': 63.684, 'eth': 1600, 'usd': 4257922}",2024-10-21 15:43:06+00:00,2024-10-21 15:43:06+00:00,2024-10-21 15:43:06+00:00
BNB,BTC,0.008878,5574.24,"{'btc': 1.0, 'eth': 25.113185, 'usd': 66887}","{'btc': 49.216722, 'eth': 1236, 'usd': 3291966}",2024-10-21 15:46:01+00:00,2024-10-21 15:46:01+00:00,2024-10-21 15:46:01+00:00
ETH,BTC,0.03972112,28061.77934543,"{'btc': 1.0, 'eth': 25.112158, 'usd': 66896}","{'btc': 1115, 'eth': 27991, 'usd': 74565749}",2024-10-21 15:46:10+00:00,2024-10-21 15:46:10+00:00,2024-10-21 15:46:10+00:00
BTC,USDT,67001.25,84.77216320591033,"{'btc': 1.001157, 'eth': 25.143882, 'usd': 66948, 'usd_v2': 66958}","{'btc': 84.87, 'eth': 2132, 'usd': 5675349, 'usd_v2': 5676140}",2024-10-21 15:39:16+00:00,2024-10-21 15:39:16+00:00,2024-10-21 15:45:10+00:00
ETH,BTC,0.03983379,1281.27979618,"{'btc': 1.0, 'eth': 25.114835, 'usd': 66871}","{'btc': 51.038, 'eth': 1282, 'usd': 3412973}",2024-10-21 15:45:16+00:00,2024-10-21 15:45:16+00:00,2024-10-21 15:45:16+00:00
LTC,BTC,0.001063,85278.48,"{'btc': 1.0, 'eth': 25.113185, 'usd': 66887}","{'btc': 90.651, 'eth': 2277, 'usd': 6063388}",2024-10-21 15:45:37+00:00,2024-10-21 15:45:37+00:00,2024-10-21 15:45:37+00:00
BTC,CHF,57882.7,37.98172904,"{'btc': 0.99930926, 'eth': 25.091869, 'usd': 66867}","{'btc': 37.955494, 'eth': 953.033, 'usd': 2539743}",2024-10-21 15:46:56+00:00,2024-10-21 15:46:56+00:00,2024-10-21 15:46:56+00:00
AVAX,BTC,0.00041329,34962.41,"{'btc': 1.0, 'eth': 25.113185, 'usd': 66887}","{'btc': 14.449614, 'eth': 362.876, 'usd': 966493}",2024-10-21 15:45:37+00:00,2024-10-21 15:45:37+00:00,2024-10-21 15:45:37+00:00
BTC,USDT,66903.99,142.97893,"{'btc': 0.99983033, 'eth': 25.127237, 'usd': 66853, 'usd_v2': 66871}","{'btc': 142.955, 'eth': 3593, 'usd': 9558506, 'usd_v2': 9561078}",2024-10-21 15:42:59+00:00,2024-10-21 15:42:59+00:00,2024-10-21 15:42:59+00:00
SOL,BTC,0.0024555,14981.61,"{'btc': 1.0, 'eth': 25.109213, 'usd': 66914}","{'btc': 36.335266, 'eth': 912.35, 'usd': 2431327}",2024-10-21 15:45:58+00:00,2024-10-21 15:45:58+00:00,2024-10-21 15:46:57+00:00
